year,location_zipcode,animal,count
2011,02113, cat ,1
2011,02116, squirrel ,1
2011,02118, bird ,1
2011,02119, cat ,2
2011,02119, dog ,1
2011,02119, skunk ,2
2011,02120, cat ,1
2011,02121, cat ,3
2011,02121, dog ,1
2011,02122, bird ,2
2011,02122, cat ,1
2011,02122, skunk ,3
2011,02124, cat ,7
2011,02124, squirrel ,1
2011,02125, cat ,2
2011,02125, skunk ,1
2011,02126, cat ,1
2011,02126, raccoon ,1
2011,02126, skunk ,2
2011,02127, cat ,1
2011,02127, dog ,1
2011,02128, cat ,3
2011,02128, skunk ,4
2011,02130, bird ,1
2011,02130, cat ,2
2011,02130, dog ,1
2011,02130, opossum ,1
2011,02130, possum ,1
2011,02130, skunk ,1
2011,02130, squirrel ,5
2011,02131, cat ,2
2011,02131, raccoon ,1
2011,02131, squirrel ,1
2011,02132, possum ,2
2011,02132, squirrel ,2
2011,02134, dog ,1
2011,02135, bird ,1
2011,02136, dog ,1
2012,02118, bird ,1
2012,02118, cat ,3
2012,02119, bird ,1
2012,02119, cat ,3
2012,02119, dog ,1
2012,02119, raccoon ,2
2012,02119, skunk ,2
2012,02120, dog ,2
2012,02120, possum ,1
2012,02120, raccoon ,1
2012,02121, cat ,10
2012,02121, dog ,1
2012,02121, skunk ,1
2012,02121, squirrel ,1
2012,02122, bird ,2
2012,02122, cat ,3
2012,02122, dog ,1
2012,02122, possum ,1
2012,02124, cat ,7
2012,02124, dog ,2
2012,02124, possum ,1
2012,02124, rabbit ,1
2012,02124, skunk ,4
2012,02125, cat ,3
2012,02125, dog ,1
2012,02125, possum ,1
2012,02126, cat ,9
2012,02126, dog ,3
2012,02126, goose ,1
2012,02126, possum ,1
2012,02126, squirrel ,1
2012,02127, bird ,2
2012,02127, cat ,1
2012,02127, pigeon ,1
2012,02127, skunk ,2
2012,02127, squirrel ,2
2012,02128, bird ,3
2012,02128, cat ,5
2012,02128, dog ,3
2012,02128, possum ,2
2012,02128, skunk ,11
2012,02128, squirrel ,2
2012,02129, bird ,1
2012,02129, dog ,2
2012,02129, squirrel ,1
2012,02130, bird ,1
2012,02130, cat ,3
2012,02130, dog ,1
2012,02130, skunk ,1
2012,02130, squirrel ,1
2012,02131, cat ,1
2012,02131, possum ,1
2012,02131, raccoon ,1
2012,02131, skunk ,1
2012,02132, cat ,1
2012,02132, deer ,1
2012,02132, rabbit ,1
2012,02132, skunk ,1
2012,02132, squirrel ,4
2012,02134, bird ,1
2012,02134, cat ,2
2012,02134, dog ,1
2012,02135, bird ,2
2012,02135, cat ,5
2012,02135, raccoon ,1
2012,02135, skunk ,1
2012,02135, squirrel ,1
2012,02136, cat ,3
2012,02136, possum ,1
2012,02136, raccoon ,1
2012,02136, squirrel ,1
2012,02210, bird ,3
2013,02108, bird ,1
2013,02114, cat ,1
2013,02115, goose ,1
2013,02118, bird ,1
2013,02119, cat ,3
2013,02119, dog ,1
2013,02119, possum ,1
2013,02120, cat ,2
2013,02120, dog ,1
2013,02120, skunk ,1
2013,02121, cat ,5
2013,02122, cat ,1
2013,02124, bird ,1
2013,02124, cat ,6
2013,02124, skunk ,1
2013,02125, cat ,4
2013,02125, dog ,1
2013,02125, possum ,1
2013,02126, cat ,3
2013,02126, dog ,1
2013,02127, cat ,3
2013,02128, bird ,1
2013,02128, cat ,4
2013,02128, skunk ,2
2013,02129, squirrel ,1
2013,02130, cat ,2
2013,02130, raccoon ,1
2013,02131, bird ,2
2013,02131, cat ,3
2013,02131, raccoon ,4
2013,02132, cat ,1
2013,02132, fox ,1
2013,02132, possum ,1
2013,02134, cat ,3
2013,02134, rabbit ,1
2013,02135, bird ,1
2013,02135, cat ,2
2013,02135, goose ,1
2013,02136, bird ,1
2013,02136, cat ,3
2013,02136, possum ,1
2013,02215, goose ,1
2014,02108, bird ,1
2014,02114, bird ,1
2014,02116, sparrow ,1
2014,02118, bird ,2
2014,02118, cat ,3
2014,02119, bird ,3
2014,02119, cat ,5
2014,02119, dog ,1
2014,02119, squirrel ,1
2014,02120, cat ,1
2014,02121, cat ,4
2014,02121, dog ,1
2014,02121, raccoon ,1
2014,02122, cat ,1
2014,02122, dog ,3
2014,02124, cat ,2
2014,02124, dog ,1
2014,02125, cat ,1
2014,02125, dog ,5
2014,02126, cat ,1
2014,02127, cat ,4
2014,02127, skunk ,1
2014,02128, bird ,2
2014,02128, cat ,2
2014,02128, dog ,2
2014,02128, possum ,1
2014,02128, raccoon ,1
2014,02128, skunk ,2
2014,02128, squirrel ,2
2014,02129, cat ,3
2014,02130, cat ,1
2014,02130, dog ,2
2014,02130, possum ,1
2014,02130, raccoon ,2
2014,02130, skunk ,2
2014,02130, squirrel ,2
2014,02131, cat ,2
2014,02131, dog ,2
2014,02131, goose ,1
2014,02131, possum ,1
2014,02131, skunk ,1
2014,02132, dog ,2
2014,02132, skunk ,1
2014,02132, squirrel ,2
2014,02132, turkey ,1
2014,02134, gull ,1
2014,02134, possum ,1
2014,02134, raccoon ,2
2014,02135, cat ,2
2014,02135, goose ,1
2014,02135, raccoon ,1
2014,02136, cat ,2
2014,02136, dog ,1
2014,02136, goose ,1
2014,02136, squirrel ,1
2015,02108, bird ,1
2015,02108, duck ,1
2015,02109, bird ,1
2015,02110, bird ,2
2015,02111, bird ,1
2015,02111, pigeon ,1
2015,02113, bird ,2
2015,02113, pigeon ,3
2015,02113, rabbit ,1
2015,02115, bird ,1
2015,02115, cat ,1
2015,02116, bird ,2
2015,02116, dog ,1
2015,02118, bird ,1
2015,02118, cat ,3
2015,02118, dog ,3
2015,02118, gull ,1
2015,02119, bird ,1
2015,02119, cat ,4
2015,02119, chicken ,1
2015,02119, dog ,3
2015,02119, raccoon ,1
2015,02119, skunk ,2
2015,02119, squirrel ,2
2015,02120, bird ,1
2015,02120, cat ,1
2015,02120, dog ,1
2015,02120, raccoon ,1
2015,02120, squirrel ,1
2015,02121, cat ,9
2015,02121, dog ,5
2015,02121, possum ,1
2015,02121, squirrel ,1
2015,02122, bird ,1
2015,02122, cat ,4
2015,02122, dog ,1
2015,02122, possum ,1
2015,02122, squirrel ,1
2015,02124, bird ,1
2015,02124, cat ,10
2015,02124, dog ,11
2015,02124, raccoon ,1
2015,02124, skunk ,1
2015,02124, squirrel ,2
2015,02125, cat ,4
2015,02125, dog ,2
2015,02125, possum ,1
2015,02125, raccoon ,1
2015,02125, skunk ,1
2015,02126, cat ,4
2015,02126, dog ,1
2015,02126, skunk ,4
2015,02127, bird ,3
2015,02127, cat ,2
2015,02127, dog ,2
2015,02127, raccoon ,1
2015,02127, skunk ,1
2015,02127, squirrel ,3
2015,02128, bird ,5
2015,02128, cat ,3
2015,02128, dog ,3
2015,02128, pigeon ,1
2015,02128, rabbit ,1
2015,02128, skunk ,4
2015,02128, squirrel ,1
2015,02129, bird ,3
2015,02129, dog ,3
2015,02129, skunk ,1
2015,02129, squirrel ,1
2015,02130, bat ,1
2015,02130, bird ,2
2015,02130, cat ,2
2015,02130, dog ,9
2015,02130, rabbit ,2
2015,02130, raccoon ,3
2015,02130, skunk ,1
2015,02130, squirrel ,4
2015,02131, bird ,1
2015,02131, dog ,6
2015,02131, raccoon ,2
2015,02131, skunk ,5
2015,02132, cat ,3
2015,02132, deer ,1
2015,02132, dog ,3
2015,02132, possum ,1
2015,02132, squirrel ,1
2015,02134, bird ,1
2015,02134, cat ,3
2015,02134, rabbit ,1
2015,02134, raccoon ,1
2015,02135, bat ,1
2015,02135, bird ,2
2015,02135, cat ,4
2015,02135, chicken ,1
2015,02135, dog ,1
2015,02135, goose ,1
2015,02135, skunk ,1
2015,02135, squirrel ,1
2015,02136, beaver ,1
2015,02136, cat ,6
2015,02136, dog ,5
2015,02136, skunk ,1
2015,02210, bird ,3
2015,02210, fish ,1
2015,02215, dog ,1
2015,02215, squirrel ,1
2015,02467, dog ,1
2016,02108, bat ,1
2016,02108, bird ,5
2016,02108, cat ,1
2016,02108, pigeon ,1
2016,02108, squirrel ,1
2016,02109, bird ,2
2016,02109, duck ,1
2016,02109, hawk ,1
2016,02110, bird ,2
2016,02110, duck ,1
2016,02110, pigeon ,1
2016,02111, pigeon ,1
2016,02111, skunk ,1
2016,02113, bird ,1
2016,02113, cat ,2
2016,02113, dog ,1
2016,02113, pigeon ,1
2016,02113, rabbit ,1
2016,02114, bird ,1
2016,02114, dog ,5
2016,02114, pigeon ,1
2016,02114, squirrel ,2
2016,02115, bat ,1
2016,02115, bird ,2
2016,02115, cat ,4
2016,02116, bird ,7
2016,02116, cat ,2
2016,02116, dog ,7
2016,02116, goose ,2
2016,02116, pigeon ,2
2016,02116, rabbit ,1
2016,02116, squirrel ,10
2016,02118, bat ,1
2016,02118, bird ,9
2016,02118, cat ,3
2016,02118, dog ,12
2016,02118, goose ,1
2016,02118, hawk ,3
2016,02118, pigeon ,1
2016,02118, squirrel ,2
2016,02119, bat ,1
2016,02119, bird ,3
2016,02119, cat ,12
2016,02119, dog ,22
2016,02119, gull ,1
2016,02119, hawk ,1
2016,02119, possum ,6
2016,02119, rabbit ,1
2016,02119, raccoon ,5
2016,02119, skunk ,7
2016,02119, squirrel ,6
2016,02119, turkey ,1
2016,02120, bird ,3
2016,02120, cat ,7
2016,02120, dog ,4
2016,02120, duck ,1
2016,02121, bat ,1
2016,02121, bird ,3
2016,02121, cat ,14
2016,02121, deer ,1
2016,02121, dog ,24
2016,02121, hawk ,1
2016,02121, possum ,2
2016,02121, raccoon ,1
2016,02121, rooster ,1
2016,02121, skunk ,5
2016,02121, squirrel ,7
2016,02122, bat ,1
2016,02122, bird ,1
2016,02122, cat ,18
2016,02122, dog ,16
2016,02122, ferret ,1
2016,02122, gull ,1
2016,02122, opossum ,1
2016,02122, pigeon ,1
2016,02122, possum ,2
2016,02122, rabbit ,1
2016,02122, raccoon ,1
2016,02122, skunk ,1
2016,02122, squirrel ,11
2016,02124, bat ,3
2016,02124, bird ,8
2016,02124, cat ,21
2016,02124, dog ,50
2016,02124, possum ,7
2016,02124, raccoon ,2
2016,02124, skunk ,10
2016,02124, squirrel ,16
2016,02124, turkey ,2
2016,02125, bat ,1
2016,02125, bird ,9
2016,02125, cat ,13
2016,02125, dog ,20
2016,02125, gull ,1
2016,02125, pigeon ,1
2016,02125, possum ,1
2016,02125, raccoon ,6
2016,02125, skunk ,5
2016,02125, snake ,1
2016,02125, squirrel ,1
2016,02126, bat ,1
2016,02126, bird ,1
2016,02126, cat ,14
2016,02126, coyote ,1
2016,02126, dog ,12
2016,02126, dragon ,1
2016,02126, owl ,1
2016,02126, parrot ,1
2016,02126, possum ,3
2016,02126, raccoon ,7
2016,02126, skunk ,9
2016,02126, squirrel ,12
2016,02126, turkey ,1
2016,02127, bird ,9
2016,02127, cat ,6
2016,02127, dog ,19
2016,02127, duck ,1
2016,02127, hawk ,1
2016,02127, raccoon ,2
2016,02127, skunk ,11
2016,02127, snake ,2
2016,02127, squirrel ,4
2016,02128, bird ,11
2016,02128, cat ,6
2016,02128, dog ,32
2016,02128, possum ,1
2016,02128, raccoon ,4
2016,02128, skunk ,15
2016,02128, squirrel ,5
2016,02128, turkey ,1
2016,02129, bird ,11
2016,02129, cat ,3
2016,02129, dog ,10
2016,02129, possum ,4
2016,02129, rabbit ,5
2016,02129, raccoon ,1
2016,02129, skunk ,2
2016,02129, squirrel ,16
2016,02129, turkey ,1
2016,02130, bat ,6
2016,02130, bird ,7
2016,02130, cat ,8
2016,02130, chicken ,1
2016,02130, dog ,28
2016,02130, goose ,1
2016,02130, hawk ,1
2016,02130, possum ,1
2016,02130, raccoon ,5
2016,02130, skunk ,2
2016,02130, squirrel ,11
2016,02130, turtle ,1
2016,02131, bat ,7
2016,02131, bird ,1
2016,02131, cat ,12
2016,02131, dog ,22
2016,02131, duck ,1
2016,02131, fox ,1
2016,02131, owl ,1
2016,02131, pigeon ,1
2016,02131, possum ,1
2016,02131, raccoon ,5
2016,02131, skunk ,6
2016,02131, squirrel ,7
2016,02132, bat ,3
2016,02132, bird ,3
2016,02132, cat ,4
2016,02132, chipmunk ,1
2016,02132, deer ,1
2016,02132, dog ,22
2016,02132, owl ,1
2016,02132, possum ,1
2016,02132, rabbit ,1
2016,02132, raccoon ,8
2016,02132, skunk ,3
2016,02132, squirrel ,3
2016,02133, squirrel ,1
2016,02134, bat ,1
2016,02134, bird ,2
2016,02134, cat ,4
2016,02134, dog ,5
2016,02134, rabbit ,1
2016,02134, skunk ,1
2016,02134, squirrel ,2
2016,02134, turkey ,2
2016,02135, bat ,2
2016,02135, bird ,3
2016,02135, cat ,5
2016,02135, dog ,14
2016,02135, duck ,1
2016,02135, goose ,1
2016,02135, hawk ,1
2016,02135, pigeon ,1
2016,02135, rabbit ,2
2016,02135, raccoon ,3
2016,02135, skunk ,2
2016,02135, squirrel ,3
2016,02135, turkey ,2
2016,02136, bird ,6
2016,02136, cat ,13
2016,02136, dog ,24
2016,02136, goose ,1
2016,02136, hawk ,1
2016,02136, opossum ,2
2016,02136, possum ,1
2016,02136, raccoon ,8
2016,02136, skunk ,8
2016,02136, snake ,1
2016,02136, squirrel ,8
2016,02199, bird ,1
2016,02210, bird ,5
2016,02210, duck ,1
2016,02210, rabbit ,1
2016,02215, bird ,2
2016,02215, dog ,4
2016,02215, goose ,1
2016,02215, rabbit ,1
2016,02215, squirrel ,6
2016,02467, goose ,1
2017,02108, bat ,1
2017,02108, bird ,3
2017,02108, dog ,2
2017,02108, squirrel ,1
2017,02108, swan ,2
2017,02109, bird ,3
2017,02109, cat ,1
2017,02109, dog ,2
2017,02110, bird ,3
2017,02110, pigeon ,1
2017,02111, bird ,6
2017,02113, bird ,3
2017,02113, cat ,2
2017,02113, fly ,1
2017,02113, pigeon ,1
2017,02114, bird ,4
2017,02114, dog ,9
2017,02114, duck ,1
2017,02114, goose ,2
2017,02114, hawk ,1
2017,02114, pigeon ,2
2017,02114, rabbit ,1
2017,02114, squirrel ,1
2017,02115, bat ,2
2017,02115, bird ,10
2017,02115, cat ,1
2017,02115, dog ,3
2017,02115, ferret ,1
2017,02115, goose ,2
2017,02115, rabbit ,2
2017,02115, raccoon ,1
2017,02115, squirrel ,1
2017,02116, bat ,1
2017,02116, bird ,13
2017,02116, cat ,1
2017,02116, dog ,10
2017,02116, pigeon ,1
2017,02116, sparrow ,1
2017,02116, squirrel ,8
2017,02118, bird ,11
2017,02118, cat ,3
2017,02118, dog ,10
2017,02118, hawk ,1
2017,02118, opossum ,1
2017,02118, rabbit ,1
2017,02118, squirrel ,5
2017,02119, bat ,2
2017,02119, bird ,5
2017,02119, cat ,13
2017,02119, dog ,22
2017,02119, fly ,1
2017,02119, possum ,3
2017,02119, raccoon ,3
2017,02119, skunk ,4
2017,02119, snake ,2
2017,02119, squirrel ,12
2017,02120, bat ,1
2017,02120, bird ,1
2017,02120, dog ,5
2017,02120, hawk ,1
2017,02120, raccoon ,2
2017,02120, skunk ,7
2017,02120, squirrel ,3
2017,02121, bat ,2
2017,02121, bird ,6
2017,02121, cat ,12
2017,02121, dog ,21
2017,02121, opossum ,1
2017,02121, possum ,3
2017,02121, rabbit ,1
2017,02121, raccoon ,8
2017,02121, skunk ,5
2017,02121, squirrel ,5
2017,02122, bird ,5
2017,02122, cat ,10
2017,02122, crow ,1
2017,02122, dog ,20
2017,02122, pigeon ,1
2017,02122, possum ,3
2017,02122, raccoon ,4
2017,02122, skunk ,3
2017,02122, snake ,1
2017,02122, squirrel ,7
2017,02124, bat ,1
2017,02124, bird ,5
2017,02124, cat ,52
2017,02124, crow ,1
2017,02124, dog ,43
2017,02124, duck ,1
2017,02124, hawk ,2
2017,02124, opossum ,2
2017,02124, possum ,9
2017,02124, rabbit ,1
2017,02124, raccoon ,7
2017,02124, rooster ,1
2017,02124, skunk ,10
2017,02124, squirrel ,34
2017,02125, bat ,1
2017,02125, bird ,15
2017,02125, cat ,14
2017,02125, dog ,19
2017,02125, fly ,1
2017,02125, hawk ,1
2017,02125, opossum ,2
2017,02125, possum ,1
2017,02125, rabbit ,1
2017,02125, raccoon ,1
2017,02125, skunk ,5
2017,02125, squirrel ,4
2017,02125, turkey ,1
2017,02126, bird ,3
2017,02126, cat ,15
2017,02126, dog ,17
2017,02126, fly ,1
2017,02126, goose ,1
2017,02126, hawk ,1
2017,02126, possum ,6
2017,02126, rabbit ,1
2017,02126, raccoon ,2
2017,02126, skunk ,4
2017,02126, squirrel ,14
2017,02127, bird ,14
2017,02127, cat ,4
2017,02127, crow ,1
2017,02127, dog ,19
2017,02127, opossum ,1
2017,02127, pigeon ,1
2017,02127, possum ,2
2017,02127, rabbit ,3
2017,02127, raccoon ,2
2017,02127, skunk ,13
2017,02127, snake ,1
2017,02127, squirrel ,10
2017,02128, bird ,5
2017,02128, cat ,7
2017,02128, dog ,18
2017,02128, possum ,4
2017,02128, rabbit ,3
2017,02128, raccoon ,6
2017,02128, skunk ,19
2017,02128, squirrel ,5
2017,02129, bird ,7
2017,02129, cat ,2
2017,02129, dog ,7
2017,02129, pigeon ,2
2017,02129, possum ,2
2017,02129, rabbit ,5
2017,02129, skunk ,4
2017,02129, squirrel ,18
2017,02130, bat ,8
2017,02130, bird ,8
2017,02130, cat ,5
2017,02130, dog ,25
2017,02130, goose ,1
2017,02130, hawk ,1
2017,02130, opossum ,1
2017,02130, peacock ,1
2017,02130, possum ,4
2017,02130, rabbit ,6
2017,02130, raccoon ,15
2017,02130, skunk ,6
2017,02130, squirrel ,18
2017,02130, turkey ,4
2017,02131, bat ,9
2017,02131, bird ,2
2017,02131, cat ,8
2017,02131, dog ,20
2017,02131, opossum ,2
2017,02131, raccoon ,9
2017,02131, skunk ,10
2017,02131, squirrel ,10
2017,02132, bat ,6
2017,02132, bird ,5
2017,02132, cat ,2
2017,02132, coyote ,1
2017,02132, dog ,10
2017,02132, fly ,1
2017,02132, goose ,1
2017,02132, hawk ,1
2017,02132, opossum ,2
2017,02132, possum ,1
2017,02132, rabbit ,6
2017,02132, raccoon ,2
2017,02132, skunk ,6
2017,02132, squirrel ,16
2017,02132, turkey ,2
2017,02134, bat ,4
2017,02134, bird ,2
2017,02134, cat ,9
2017,02134, dog ,5
2017,02134, goose ,2
2017,02134, rabbit ,3
2017,02134, raccoon ,2
2017,02134, skunk ,1
2017,02134, squirrel ,2
2017,02135, bat ,4
2017,02135, bird ,9
2017,02135, cat ,8
2017,02135, dog ,18
2017,02135, duck ,1
2017,02135, goose ,1
2017,02135, hawk ,1
2017,02135, rabbit ,11
2017,02135, raccoon ,4
2017,02135, skunk ,5
2017,02135, snake ,1
2017,02135, squirrel ,13
2017,02135, swan ,1
2017,02136, bat ,1
2017,02136, bird ,1
2017,02136, cat ,6
2017,02136, dog ,27
2017,02136, goose ,3
2017,02136, hawk ,2
2017,02136, possum ,4
2017,02136, rabbit ,1
2017,02136, raccoon ,2
2017,02136, skunk ,3
2017,02136, squirrel ,7
2017,02199, dog ,1
2017,02210, bird ,3
2017,02210, gull ,1
2017,02210, raccoon ,1
2017,02215, bat ,2
2017,02215, bird ,7
2017,02215, dog ,3
2017,02215, dove ,1
2017,02215, goose ,5
2017,02215, raccoon ,1
2017,02215, squirrel ,4
2017,02467, raccoon ,1
2018,02108, bird ,5
2018,02108, owl ,1
2018,02108, pigeon ,1
2018,02108, squirrel ,2
2018,02109, bird ,3
2018,02109, dog ,1
2018,02110, bird ,6
2018,02110, rabbit ,1
2018,02111, bird ,1
2018,02111, cat ,1
2018,02113, bird ,9
2018,02113, pigeon ,1
2018,02113, rabbit ,1
2018,02114, bat ,2
2018,02114, bird ,5
2018,02114, dog ,2
2018,02114, goose ,1
2018,02114, squirrel ,1
2018,02115, bird ,1
2018,02115, dog ,2
2018,02115, fly ,1
2018,02115, goose ,1
2018,02115, hamster ,1
2018,02116, bat ,1
2018,02116, bird ,8
2018,02116, cat ,1
2018,02116, dog ,2
2018,02116, hawk ,2
2018,02116, squirrel ,3
2018,02118, bat ,2
2018,02118, bird ,10
2018,02118, cat ,4
2018,02118, dog ,6
2018,02118, duck ,1
2018,02118, pigeon ,2
2018,02118, rabbit ,1
2018,02118, squirrel ,3
2018,02119, bat ,2
2018,02119, bird ,4
2018,02119, cat ,4
2018,02119, dog ,10
2018,02119, pigeon ,1
2018,02119, raccoon ,1
2018,02119, squirrel ,8
2018,02120, bird ,5
2018,02120, cat ,1
2018,02120, dog ,2
2018,02120, hawk ,1
2018,02120, raccoon ,2
2018,02120, squirrel ,3
2018,02121, bat ,3
2018,02121, bird ,5
2018,02121, cat ,11
2018,02121, dog ,7
2018,02121, squirrel ,5
2018,02122, bird ,3
2018,02122, cat ,11
2018,02122, dog ,8
2018,02122, pigeon ,1
2018,02122, rabbit ,2
2018,02122, skunk ,1
2018,02122, snake ,1
2018,02122, squirrel ,9
2018,02124, bat ,1
2018,02124, bird ,1
2018,02124, cat ,18
2018,02124, deer ,1
2018,02124, dog ,24
2018,02124, possum ,6
2018,02124, raccoon ,8
2018,02124, skunk ,2
2018,02124, squirrel ,14
2018,02124, turkey ,1
2018,02125, bird ,7
2018,02125, cat ,9
2018,02125, dog ,10
2018,02125, pigeon ,1
2018,02125, rabbit ,1
2018,02125, raccoon ,1
2018,02125, skunk ,3
2018,02125, squirrel ,3
2018,02125, turkey ,1
2018,02126, bird ,2
2018,02126, cat ,13
2018,02126, dog ,3
2018,02126, fox ,1
2018,02126, possum ,12
2018,02126, rabbit ,1
2018,02126, raccoon ,1
2018,02126, skunk ,1
2018,02126, squirrel ,7
2018,02127, bird ,23
2018,02127, cat ,3
2018,02127, dog ,9
2018,02127, opossum ,1
2018,02127, pigeon ,2
2018,02127, possum ,1
2018,02127, rabbit ,3
2018,02127, raccoon ,2
2018,02127, skunk ,2
2018,02127, sparrow ,1
2018,02127, squirrel ,14
2018,02128, bird ,7
2018,02128, cat ,2
2018,02128, dog ,3
2018,02128, goose ,1
2018,02128, rabbit ,3
2018,02128, skunk ,5
2018,02128, squirrel ,7
2018,02129, bird ,9
2018,02129, cat ,1
2018,02129, dog ,3
2018,02129, rabbit ,1
2018,02129, squirrel ,5
2018,02130, bat ,1
2018,02130, bird ,8
2018,02130, cat ,5
2018,02130, chipmunk ,1
2018,02130, deer ,1
2018,02130, dog ,18
2018,02130, duck ,1
2018,02130, goose ,1
2018,02130, rabbit ,7
2018,02130, raccoon ,2
2018,02130, skunk ,1
2018,02130, squirrel ,11
2018,02130, turkey ,1
2018,02131, bat ,1
2018,02131, beaver ,1
2018,02131, bird ,3
2018,02131, cat ,4
2018,02131, dog ,10
2018,02131, possum ,1
2018,02131, rabbit ,1
2018,02131, raccoon ,4
2018,02131, skunk ,2
2018,02131, squirrel ,6
2018,02132, bat ,1
2018,02132, bird ,3
2018,02132, dog ,8
2018,02132, hawk ,1
2018,02132, possum ,2
2018,02132, rabbit ,5
2018,02132, raccoon ,3
2018,02132, skunk ,1
2018,02132, squirrel ,14
2018,02134, bat ,1
2018,02134, bird ,2
2018,02134, cat ,3
2018,02134, dog ,2
2018,02134, fish ,1
2018,02134, rabbit ,2
2018,02134, sparrow ,1
2018,02134, squirrel ,1
2018,02135, bird ,7
2018,02135, cat ,6
2018,02135, dog ,8
2018,02135, goose ,1
2018,02135, pigeon ,1
2018,02135, possum ,5
2018,02135, rabbit ,4
2018,02135, raccoon ,9
2018,02135, skunk ,3
2018,02135, squirrel ,13
2018,02135, turkey ,1
2018,02136, bat ,1
2018,02136, bird ,1
2018,02136, cat ,4
2018,02136, dog ,12
2018,02136, possum ,4
2018,02136, rabbit ,1
2018,02136, raccoon ,3
2018,02136, skunk ,1
2018,02136, snake ,1
2018,02136, squirrel ,8
2018,02199, dog ,1
2018,02210, bird ,6
2018,02210, skunk ,1
2018,02215, bird ,2
2018,02215, dog ,1
2018,02215, goose ,2
2018,02215, possum ,1
2018,02215, rabbit ,1
2019,02108, beaver ,1
2019,02108, bird ,2
2019,02108, hawk ,1
2019,02108, pigeon ,1
2019,02108, squirrel ,2
2019,02109, bird ,1
2019,02110, bird ,1
2019,02110, cat ,1
2019,02111, bird ,4
2019,02114, bird ,5
2019,02114, squirrel ,1
2019,02115, bat ,1
2019,02115, bird ,2
2019,02115, pigeon ,1
2019,02115, rabbit ,1
2019,02116, bird ,11
2019,02116, cat ,1
2019,02116, dog ,1
2019,02116, pigeon ,1
2019,02116, rabbit ,3
2019,02116, squirrel ,4
2019,02118, bird ,16
2019,02118, cat ,1
2019,02118, dog ,1
2019,02118, hawk ,1
2019,02118, possum ,1
2019,02118, rabbit ,3
2019,02118, squirrel ,2
2019,02119, bird ,4
2019,02119, cat ,7
2019,02119, dog ,3
2019,02119, gull ,1
2019,02119, possum ,1
2019,02119, rabbit ,1
2019,02119, raccoon ,2
2019,02119, squirrel ,1
2019,02120, bat ,2
2019,02120, cat ,1
2019,02120, dog ,2
2019,02120, possum ,1
2019,02120, raccoon ,1
2019,02120, skunk ,1
2019,02120, squirrel ,1
2019,02121, bat ,1
2019,02121, bird ,3
2019,02121, cat ,14
2019,02121, dog ,5
2019,02121, raccoon ,5
2019,02121, skunk ,2
2019,02121, squirrel ,3
2019,02121, turkey ,1
2019,02122, bird ,1
2019,02122, cat ,11
2019,02122, coyote ,1
2019,02122, dog ,5
2019,02122, possum ,2
2019,02122, rabbit ,2
2019,02122, skunk ,3
2019,02122, squirrel ,9
2019,02122, swan ,1
2019,02124, bird ,3
2019,02124, cat ,16
2019,02124, crow ,1
2019,02124, deer ,1
2019,02124, dog ,10
2019,02124, hawk ,2
2019,02124, possum ,5
2019,02124, rabbit ,2
2019,02124, raccoon ,5
2019,02124, skunk ,13
2019,02124, snake ,1
2019,02124, squirrel ,17
2019,02124, turkey ,1
2019,02125, bird ,6
2019,02125, cat ,12
2019,02125, dog ,5
2019,02125, possum ,2
2019,02125, raccoon ,1
2019,02125, skunk ,1
2019,02125, squirrel ,6
2019,02125, turkey ,1
2019,02126, beaver ,1
2019,02126, bird ,1
2019,02126, cat ,6
2019,02126, dog ,4
2019,02126, possum ,6
2019,02126, raccoon ,7
2019,02126, skunk ,4
2019,02126, squirrel ,18
2019,02127, bird ,13
2019,02127, dog ,1
2019,02127, pigeon ,1
2019,02127, rabbit ,2
2019,02127, raccoon ,4
2019,02127, skunk ,6
2019,02127, squirrel ,4
2019,02128, bird ,5
2019,02128, cat ,3
2019,02128, dog ,4
2019,02128, hawk ,1
2019,02128, skunk ,4
2019,02128, squirrel ,8
2019,02129, bird ,8
2019,02129, dog ,3
2019,02129, pigeon ,1
2019,02129, rabbit ,1
2019,02129, squirrel ,9
2019,02130, bat ,3
2019,02130, bird ,8
2019,02130, cat ,6
2019,02130, chipmunk ,1
2019,02130, dog ,10
2019,02130, hawk ,1
2019,02130, possum ,2
2019,02130, rabbit ,5
2019,02130, raccoon ,10
2019,02130, squirrel ,18
2019,02130, turkey ,2
2019,02131, bird ,4
2019,02131, cat ,9
2019,02131, coyote ,1
2019,02131, dog ,5
2019,02131, opossum ,4
2019,02131, possum ,3
2019,02131, rabbit ,4
2019,02131, raccoon ,14
2019,02131, skunk ,3
2019,02131, snake ,1
2019,02131, squirrel ,11
2019,02132, bird ,3
2019,02132, cat ,4
2019,02132, coyote ,1
2019,02132, dog ,6
2019,02132, opossum ,1
2019,02132, possum ,2
2019,02132, rabbit ,4
2019,02132, raccoon ,4
2019,02132, skunk ,2
2019,02132, squirrel ,16
2019,02134, bird ,2
2019,02134, cat ,3
2019,02134, dog ,2
2019,02134, hawk ,1
2019,02134, pigeon ,1
2019,02134, raccoon ,1
2019,02134, squirrel ,2
2019,02135, bat ,1
2019,02135, bird ,2
2019,02135, cat ,2
2019,02135, dog ,2
2019,02135, fox ,2
2019,02135, possum ,1
2019,02135, rabbit ,7
2019,02135, raccoon ,9
2019,02135, skunk ,1
2019,02135, squirrel ,5
2019,02135, turkey ,2
2019,02136, bird ,2
2019,02136, cat ,7
2019,02136, dog ,3
2019,02136, opossum ,1
2019,02136, possum ,6
2019,02136, rabbit ,1
2019,02136, raccoon ,4
2019,02136, skunk ,4
2019,02136, squirrel ,12
2019,02136, turkey ,1
2019,02210, bird ,2
2019,02210, rabbit ,3
2019,02215, bird ,2
2019,02215, dog ,1
2020,02108, bird ,4
2020,02108, dog ,1
2020,02108, hawk ,1
2020,02108, rabbit ,1
2020,02108, squirrel ,4
2020,02108, swan ,5
2020,02109, dog ,2
2020,02110, rabbit ,2
2020,02113, bird ,1
2020,02113, dog ,1
2020,02113, pigeon ,1
2020,02113, squirrel ,1
2020,02114, bird ,2
2020,02114, dog ,1
2020,02114, pigeon ,1
2020,02115, bird ,4
2020,02115, cat ,1
2020,02115, dog ,1
2020,02115, goose ,1
2020,02115, rabbit ,1
2020,02115, squirrel ,1
2020,02116, bird ,6
2020,02116, dog ,1
2020,02116, duck ,1
2020,02116, rabbit ,1
2020,02116, squirrel ,2
2020,02118, bird ,6
2020,02118, cat ,2
2020,02118, dog ,2
2020,02118, hawk ,1
2020,02118, rabbit ,1
2020,02118, raccoon ,1
2020,02118, squirrel ,7
2020,02118, turtle ,1
2020,02119, beaver ,1
2020,02119, bird ,2
2020,02119, cat ,6
2020,02119, dog ,2
2020,02119, hawk ,1
2020,02119, rabbit ,1
2020,02119, raccoon ,1
2020,02119, squirrel ,2
2020,02119, turkey ,1
2020,02120, cat ,1
2020,02120, dog ,1
2020,02120, raccoon ,1
2020,02120, squirrel ,1
2020,02121, bat ,1
2020,02121, bird ,4
2020,02121, cat ,6
2020,02121, dog ,6
2020,02121, opossum ,1
2020,02121, raccoon ,2
2020,02121, skunk ,3
2020,02121, snake ,1
2020,02121, squirrel ,6
2020,02122, bird ,5
2020,02122, cat ,2
2020,02122, dog ,8
2020,02122, hawk ,1
2020,02122, possum ,1
2020,02122, rabbit ,2
2020,02122, raccoon ,2
2020,02122, skunk ,1
2020,02122, squirrel ,8
2020,02124, bird ,5
2020,02124, cat ,16
2020,02124, chipmunk ,1
2020,02124, dog ,13
2020,02124, hawk ,2
2020,02124, opossum ,2
2020,02124, possum ,9
2020,02124, rabbit ,6
2020,02124, raccoon ,7
2020,02124, skunk ,9
2020,02124, squirrel ,19
2020,02124, turkey ,1
2020,02125, bird ,5
2020,02125, cat ,6
2020,02125, dog ,6
2020,02125, goose ,1
2020,02125, opossum ,1
2020,02125, possum ,1
2020,02125, rabbit ,1
2020,02125, raccoon ,8
2020,02125, skunk ,1
2020,02125, squirrel ,5
2020,02126, bat ,1
2020,02126, cat ,7
2020,02126, dog ,2
2020,02126, goose ,1
2020,02126, gull ,1
2020,02126, hawk ,1
2020,02126, possum ,3
2020,02126, rabbit ,5
2020,02126, raccoon ,7
2020,02126, skunk ,5
2020,02126, squirrel ,17
2020,02127, bird ,12
2020,02127, cat ,3
2020,02127, coyote ,1
2020,02127, dog ,4
2020,02127, duck ,1
2020,02127, hawk ,1
2020,02127, opossum ,1
2020,02127, rabbit ,2
2020,02127, skunk ,3
2020,02127, squirrel ,6
2020,02128, bird ,1
2020,02128, cat ,2
2020,02128, dog ,4
2020,02128, pigeon ,1
2020,02128, possum ,1
2020,02128, rabbit ,1
2020,02128, skunk ,1
2020,02128, squirrel ,2
2020,02129, bird ,10
2020,02129, cat ,2
2020,02129, dog ,6
2020,02129, fly ,1
2020,02129, pigeon ,2
2020,02129, rabbit ,3
2020,02129, skunk ,1
2020,02129, squirrel ,7
2020,02130, bat ,1
2020,02130, bird ,9
2020,02130, cat ,3
2020,02130, coyote ,1
2020,02130, dog ,7
2020,02130, fox ,1
2020,02130, hawk ,1
2020,02130, opossum ,1
2020,02130, rabbit ,6
2020,02130, raccoon ,2
2020,02130, skunk ,2
2020,02130, snake ,1
2020,02130, squirrel ,34
2020,02130, ten ,1
2020,02130, turkey ,1
2020,02130, turtle ,1
2020,02131, bird ,2
2020,02131, cat ,9
2020,02131, dog ,7
2020,02131, opossum ,2
2020,02131, possum ,2
2020,02131, rabbit ,7
2020,02131, raccoon ,7
2020,02131, skunk ,1
2020,02131, squirrel ,15
2020,02132, beaver ,1
2020,02132, bird ,2
2020,02132, cat ,1
2020,02132, dog ,8
2020,02132, goose ,1
2020,02132, hawk ,1
2020,02132, opossum ,4
2020,02132, possum ,3
2020,02132, rabbit ,5
2020,02132, raccoon ,1
2020,02132, skunk ,2
2020,02132, squirrel ,7
2020,02132, turkey ,2
2020,02134, bat ,1
2020,02134, bird ,7
2020,02134, cat ,2
2020,02134, coyote ,1
2020,02134, crow ,1
2020,02134, dog ,2
2020,02134, raccoon ,1
2020,02134, squirrel ,5
2020,02135, bat ,4
2020,02135, bird ,8
2020,02135, cat ,1
2020,02135, dog ,4
2020,02135, goose ,4
2020,02135, pigeon ,1
2020,02135, possum ,2
2020,02135, rabbit ,13
2020,02135, raccoon ,4
2020,02135, skunk ,2
2020,02135, squirrel ,16
2020,02135, turkey ,2
2020,02136, bird ,4
2020,02136, cat ,3
2020,02136, deer ,1
2020,02136, dog ,1
2020,02136, goose ,1
2020,02136, possum ,2
2020,02136, rabbit ,1
2020,02136, raccoon ,2
2020,02136, skunk ,1
2020,02136, snake ,1
2020,02136, squirrel ,9
2020,02136, turkey ,2
2020,02210, bird ,9
2020,02215, bird ,2
2020,02215, dog ,1
2020,02215, rabbit ,1
2020,02467, dog ,1
2021,02108, bat ,1
2021,02108, bird ,9
2021,02108, cat ,1
2021,02108, dog ,6
2021,02108, duck ,1
2021,02108, goose ,2
2021,02108, gull ,1
2021,02108, opossum ,1
2021,02108, pigeon ,3
2021,02108, rabbit ,1
2021,02108, raccoon ,1
2021,02108, squirrel ,6
2021,02108, swan ,1
2021,02108, turkey ,1
2021,02109, bird ,2
2021,02109, cat ,1
2021,02109, dog ,2
2021,02109, pigeon ,1
2021,02109, rabbit ,1
2021,02110, bird ,2
2021,02110, dog ,4
2021,02110, pigeon ,2
2021,02110, rabbit ,1
2021,02110, raccoon ,1
2021,02110, squirrel ,1
2021,02110, turkey ,1
2021,02111, bird ,1
2021,02111, gull ,1
2021,02111, pigeon ,1
2021,02111, rabbit ,1
2021,02111, snake ,1
2021,02113, bird ,9
2021,02113, dog ,4
2021,02113, gull ,1
2021,02113, pigeon ,2
2021,02113, rabbit ,1
2021,02113, raccoon ,1
2021,02113, sparrow ,1
2021,02114, bird ,9
2021,02114, cat ,1
2021,02114, dog ,10
2021,02114, fly ,1
2021,02114, goose ,2
2021,02114, owl ,1
2021,02114, rabbit ,2
2021,02114, squirrel ,1
2021,02115, bat ,1
2021,02115, bird ,6
2021,02115, cat ,1
2021,02115, dog ,5
2021,02115, duck ,1
2021,02115, goose ,6
2021,02115, rabbit ,2
2021,02115, raccoon ,1
2021,02115, turkey ,1
2021,02116, bat ,2
2021,02116, bird ,15
2021,02116, dog ,10
2021,02116, goose ,1
2021,02116, gull ,1
2021,02116, hawk ,1
2021,02116, pigeon ,3
2021,02116, rabbit ,4
2021,02116, raccoon ,1
2021,02116, squirrel ,6
2021,02118, bat ,2
2021,02118, bird ,14
2021,02118, cat ,1
2021,02118, dog ,22
2021,02118, goose ,1
2021,02118, gull ,3
2021,02118, pigeon ,2
2021,02118, rabbit ,5
2021,02118, raccoon ,3
2021,02118, snake ,1
2021,02118, squirrel ,8
2021,02118, turkey ,3
2021,02119, bat ,7
2021,02119, bird ,16
2021,02119, cat ,12
2021,02119, coyote ,2
2021,02119, dog ,39
2021,02119, gull ,3
2021,02119, opossum ,1
2021,02119, rabbit ,5
2021,02119, raccoon ,11
2021,02119, squirrel ,11
2021,02119, turkey ,3
2021,02120, bat ,4
2021,02120, bird ,6
2021,02120, cat ,6
2021,02120, coyote ,1
2021,02120, dog ,7
2021,02120, falcon ,1
2021,02120, hawk ,2
2021,02120, pig ,2
2021,02120, rabbit ,5
2021,02120, raccoon ,1
2021,02120, skunk ,1
2021,02120, squirrel ,2
2021,02120, turkey ,1
2021,02121, bat ,5
2021,02121, bird ,3
2021,02121, cat ,21
2021,02121, chicken ,1
2021,02121, crow ,1
2021,02121, dog ,34
2021,02121, gull ,1
2021,02121, possum ,2
2021,02121, rabbit ,1
2021,02121, raccoon ,4
2021,02121, skunk ,2
2021,02121, squirrel ,4
2021,02122, bird ,6
2021,02122, cat ,17
2021,02122, crow ,1
2021,02122, dog ,39
2021,02122, gull ,1
2021,02122, hawk ,2
2021,02122, opossum ,1
2021,02122, pigeon ,3
2021,02122, rabbit ,12
2021,02122, raccoon ,8
2021,02122, skunk ,5
2021,02122, squirrel ,11
2021,02124, bat ,7
2021,02124, bird ,9
2021,02124, cat ,38
2021,02124, chipmunk ,1
2021,02124, dog ,64
2021,02124, goose ,1
2021,02124, gull ,1
2021,02124, hawk ,1
2021,02124, opossum ,2
2021,02124, possum ,8
2021,02124, rabbit ,6
2021,02124, raccoon ,19
2021,02124, raven ,1
2021,02124, skunk ,10
2021,02124, squirrel ,33
2021,02124, turkey ,6
2021,02125, bat ,1
2021,02125, bird ,10
2021,02125, cat ,21
2021,02125, coyote ,1
2021,02125, dog ,39
2021,02125, frog ,1
2021,02125, jay ,2
2021,02125, pigeon ,1
2021,02125, possum ,1
2021,02125, quail ,1
2021,02125, rabbit ,8
2021,02125, raccoon ,12
2021,02125, skunk ,2
2021,02125, snake ,2
2021,02125, squirrel ,7
2021,02125, turkey ,1
2021,02126, bat ,2
2021,02126, bird ,5
2021,02126, cat ,23
2021,02126, deer ,1
2021,02126, dog ,35
2021,02126, duck ,2
2021,02126, opossum ,2
2021,02126, possum ,6
2021,02126, rabbit ,2
2021,02126, raccoon ,21
2021,02126, rooster ,1
2021,02126, skunk ,3
2021,02126, squirrel ,14
2021,02126, turkey ,1
2021,02127, bird ,25
2021,02127, cat ,8
2021,02127, coyote ,1
2021,02127, dog ,26
2021,02127, dove ,2
2021,02127, duck ,2
2021,02127, gull ,4
2021,02127, pigeon ,1
2021,02127, rabbit ,5
2021,02127, raccoon ,3
2021,02127, skunk ,11
2021,02127, squirrel ,10
2021,02127, turkey ,1
2021,02128, bird ,15
2021,02128, cat ,17
2021,02128, coyote ,1
2021,02128, dog ,25
2021,02128, duck ,1
2021,02128, fox ,1
2021,02128, goose ,1
2021,02128, gull ,1
2021,02128, hawk ,1
2021,02128, opossum ,1
2021,02128, parakeet ,1
2021,02128, pigeon ,2
2021,02128, possum ,2
2021,02128, rabbit ,7
2021,02128, raccoon ,6
2021,02128, rooster ,1
2021,02128, skunk ,8
2021,02128, snake ,1
2021,02128, squirrel ,6
2021,02129, bird ,11
2021,02129, cat ,5
2021,02129, dog ,9
2021,02129, fish ,1
2021,02129, goose ,2
2021,02129, gull ,2
2021,02129, pigeon ,4
2021,02129, rabbit ,1
2021,02129, raccoon ,3
2021,02129, skunk ,1
2021,02129, squirrel ,12
2021,02130, bat ,16
2021,02130, bird ,26
2021,02130, cat ,13
2021,02130, chicken ,2
2021,02130, coyote ,2
2021,02130, dog ,46
2021,02130, falcon ,1
2021,02130, goose ,3
2021,02130, gull ,1
2021,02130, hawk ,1
2021,02130, opossum ,1
2021,02130, peacock ,1
2021,02130, possum ,1
2021,02130, rabbit ,22
2021,02130, raccoon ,22
2021,02130, skunk ,8
2021,02130, squirrel ,30
2021,02130, turkey ,4
2021,02130, turtle ,1
2021,02131, bat ,5
2021,02131, bird ,15
2021,02131, cat ,19
2021,02131, dog ,31
2021,02131, ferret ,1
2021,02131, hawk ,1
2021,02131, opossum ,7
2021,02131, parakeet ,1
2021,02131, pigeon ,1
2021,02131, possum ,5
2021,02131, rabbit ,13
2021,02131, raccoon ,24
2021,02131, snake ,1
2021,02131, squirrel ,18
2021,02131, turkey ,4
2021,02132, bat ,4
2021,02132, bird ,10
2021,02132, cardinal ,1
2021,02132, cat ,8
2021,02132, chicken ,1
2021,02132, coyote ,2
2021,02132, crow ,1
2021,02132, deer ,5
2021,02132, dog ,26
2021,02132, dove ,1
2021,02132, ferret ,1
2021,02132, fly ,1
2021,02132, fox ,1
2021,02132, frog ,1
2021,02132, goose ,1
2021,02132, hawk ,1
2021,02132, owl ,1
2021,02132, possum ,1
2021,02132, rabbit ,15
2021,02132, raccoon ,12
2021,02132, skunk ,3
2021,02132, squirrel ,16
2021,02132, turkey ,2
2021,02134, bat ,3
2021,02134, bird ,5
2021,02134, coyote ,1
2021,02134, dog ,10
2021,02134, hawk ,2
2021,02134, pigeon ,3
2021,02134, rabbit ,5
2021,02134, raccoon ,2
2021,02134, squirrel ,7
2021,02135, bat ,12
2021,02135, bird ,11
2021,02135, cat ,6
2021,02135, coyote ,13
2021,02135, dog ,24
2021,02135, dove ,1
2021,02135, fish ,1
2021,02135, goose ,1
2021,02135, opossum ,1
2021,02135, parakeet ,1
2021,02135, pigeon ,1
2021,02135, rabbit ,14
2021,02135, raccoon ,18
2021,02135, skunk ,3
2021,02135, squirrel ,12
2021,02135, turkey ,4
2021,02136, bird ,4
2021,02136, cat ,17
2021,02136, deer ,1
2021,02136, dog ,36
2021,02136, fish ,1
2021,02136, goose ,1
2021,02136, opossum ,1
2021,02136, rabbit ,5
2021,02136, raccoon ,7
2021,02136, skunk ,5
2021,02136, squirrel ,16
2021,02136, swan ,1
2021,02136, turkey ,3
2021,02199, bird ,1
2021,02199, dog ,1
2021,02199, hawk ,1
2021,02210, bird ,3
2021,02210, dog ,1
2021,02210, gull ,4
2021,02210, rabbit ,2
2021,02210, skunk ,1
2021,02215, bat ,7
2021,02215, bird ,2
2021,02215, cat ,1
2021,02215, dog ,6
2021,02215, dove ,1
2021,02215, goose ,3
2021,02215, hawk ,1
2021,02215, pigeon ,1
2021,02215, rabbit ,6
2021,02215, raccoon ,1
2021,02215, squirrel ,3
2021,02467, cat ,1
2021,02467, raccoon ,1
2022,02108, bird ,11
2022,02108, cat ,1
2022,02108, dog ,3
2022,02108, dove ,1
2022,02108, duck ,1
2022,02108, fly ,1
2022,02108, goose ,2
2022,02108, pigeon ,3
2022,02108, rabbit ,4
2022,02108, squirrel ,4
2022,02109, bird ,2
2022,02109, dog ,4
2022,02109, pigeon ,3
2022,02110, bird ,6
2022,02110, cat ,1
2022,02110, dog ,6
2022,02110, duck ,1
2022,02110, pigeon ,1
2022,02110, raccoon ,2
2022,02110, turkey ,1
2022,02111, bird ,7
2022,02111, dog ,3
2022,02111, rabbit ,1
2022,02113, bird ,5
2022,02113, dog ,2
2022,02113, owl ,1
2022,02113, pigeon ,3
2022,02113, rabbit ,1
2022,02113, raccoon ,3
2022,02113, squirrel ,1
2022,02114, bird ,13
2022,02114, cat ,1
2022,02114, dog ,6
2022,02114, fly ,1
2022,02114, goose ,1
2022,02114, pigeon ,1
2022,02114, rabbit ,1
2022,02114, squirrel ,2
2022,02115, bat ,2
2022,02115, bird ,5
2022,02115, cat ,1
2022,02115, dog ,6
2022,02115, goose ,5
2022,02115, gull ,1
2022,02115, pig ,1
2022,02115, pigeon ,2
2022,02115, rabbit ,1
2022,02115, raccoon ,2
2022,02115, squirrel ,1
2022,02116, bat ,3
2022,02116, bird ,11
2022,02116, cat ,4
2022,02116, dog ,13
2022,02116, gull ,1
2022,02116, hawk ,1
2022,02116, pigeon ,5
2022,02116, rabbit ,2
2022,02116, raccoon ,1
2022,02116, squirrel ,6
2022,02118, bird ,21
2022,02118, cat ,4
2022,02118, dog ,19
2022,02118, gull ,1
2022,02118, hawk ,1
2022,02118, pigeon ,4
2022,02118, rabbit ,3
2022,02118, raccoon ,3
2022,02118, squirrel ,10
2022,02119, bat ,5
2022,02119, bird ,12
2022,02119, cat ,16
2022,02119, chicken ,1
2022,02119, coyote ,1
2022,02119, dog ,36
2022,02119, goose ,1
2022,02119, hawk ,3
2022,02119, opossum ,2
2022,02119, pigeon ,2
2022,02119, rabbit ,2
2022,02119, raccoon ,8
2022,02119, rooster ,1
2022,02119, skunk ,4
2022,02119, squirrel ,20
2022,02119, turkey ,2
2022,02120, bat ,3
2022,02120, bird ,4
2022,02120, cat ,5
2022,02120, coyote ,1
2022,02120, dog ,7
2022,02120, hawk ,1
2022,02120, pigeon ,1
2022,02120, rabbit ,4
2022,02120, raccoon ,2
2022,02120, skunk ,2
2022,02120, snake ,2
2022,02120, squirrel ,1
2022,02121, bat ,7
2022,02121, bird ,2
2022,02121, cat ,20
2022,02121, dog ,41
2022,02121, opossum ,1
2022,02121, rabbit ,1
2022,02121, raccoon ,3
2022,02121, skunk ,1
2022,02121, squirrel ,5
2022,02121, turkey ,2
2022,02122, bat ,2
2022,02122, bird ,8
2022,02122, cat ,11
2022,02122, dog ,30
2022,02122, dove ,2
2022,02122, parakeet ,2
2022,02122, pigeon ,2
2022,02122, possum ,1
2022,02122, rabbit ,18
2022,02122, raccoon ,6
2022,02122, skunk ,2
2022,02122, snake ,1
2022,02122, squirrel ,11
2022,02124, bat ,11
2022,02124, bird ,19
2022,02124, cat ,27
2022,02124, coyote ,2
2022,02124, dog ,72
2022,02124, duck ,1
2022,02124, ferret ,1
2022,02124, fly ,2
2022,02124, goose ,2
2022,02124, hawk ,2
2022,02124, opossum ,1
2022,02124, pigeon ,1
2022,02124, possum ,5
2022,02124, rabbit ,12
2022,02124, raccoon ,18
2022,02124, skunk ,6
2022,02124, snake ,1
2022,02124, squirrel ,23
2022,02124, turkey ,6
2022,02125, bat ,1
2022,02125, bird ,17
2022,02125, cat ,12
2022,02125, dog ,40
2022,02125, duck ,1
2022,02125, gull ,2
2022,02125, parakeet ,1
2022,02125, pigeon ,1
2022,02125, raccoon ,8
2022,02125, skunk ,1
2022,02125, snake ,3
2022,02125, squirrel ,9
2022,02125, turkey ,1
2022,02126, bat ,8
2022,02126, bird ,6
2022,02126, cat ,22
2022,02126, chipmunk ,1
2022,02126, dog ,43
2022,02126, goose ,2
2022,02126, hawk ,1
2022,02126, pig ,1
2022,02126, pigeon ,2
2022,02126, possum ,4
2022,02126, rabbit ,3
2022,02126, raccoon ,10
2022,02126, skunk ,7
2022,02126, squirrel ,8
2022,02127, bird ,18
2022,02127, cat ,9
2022,02127, coyote ,1
2022,02127, dog ,29
2022,02127, fly ,1
2022,02127, goose ,4
2022,02127, gull ,1
2022,02127, hawk ,3
2022,02127, opossum ,1
2022,02127, pigeon ,4
2022,02127, rabbit ,8
2022,02127, raccoon ,3
2022,02127, skunk ,1
2022,02127, squirrel ,17
2022,02127, turkey ,1
2022,02128, bird ,20
2022,02128, cat ,24
2022,02128, dog ,36
2022,02128, ferret ,1
2022,02128, goose ,3
2022,02128, gull ,1
2022,02128, hawk ,2
2022,02128, peacock ,2
2022,02128, pigeon ,2
2022,02128, possum ,1
2022,02128, rabbit ,4
2022,02128, raccoon ,3
2022,02128, skunk ,3
2022,02128, squirrel ,1
2022,02128, swan ,2
2022,02129, bat ,1
2022,02129, bird ,12
2022,02129, cat ,3
2022,02129, dog ,11
2022,02129, duck ,1
2022,02129, gull ,1
2022,02129, opossum ,2
2022,02129, rabbit ,3
2022,02129, raccoon ,2
2022,02129, skunk ,3
2022,02129, squirrel ,13
2022,02129, turtle ,1
2022,02130, bat ,21
2022,02130, bird ,21
2022,02130, cat ,13
2022,02130, coyote ,1
2022,02130, deer ,1
2022,02130, dog ,44
2022,02130, dove ,1
2022,02130, goose ,4
2022,02130, hawk ,1
2022,02130, opossum ,1
2022,02130, pigeon ,1
2022,02130, rabbit ,10
2022,02130, raccoon ,16
2022,02130, skunk ,8
2022,02130, snake ,1
2022,02130, squirrel ,32
2022,02130, turkey ,2
2022,02131, bat ,4
2022,02131, beaver ,1
2022,02131, bird ,22
2022,02131, cat ,8
2022,02131, chipmunk ,1
2022,02131, coyote ,1
2022,02131, dog ,43
2022,02131, dove ,1
2022,02131, goose ,1
2022,02131, gull ,1
2022,02131, hawk ,1
2022,02131, opossum ,2
2022,02131, parakeet ,1
2022,02131, pigeon ,1
2022,02131, possum ,2
2022,02131, rabbit ,15
2022,02131, raccoon ,15
2022,02131, skunk ,2
2022,02131, squirrel ,18
2022,02131, turkey ,1
2022,02132, bat ,3
2022,02132, bird ,8
2022,02132, cat ,8
2022,02132, chicken ,1
2022,02132, chipmunk ,2
2022,02132, deer ,2
2022,02132, dog ,36
2022,02132, dove ,1
2022,02132, duck ,1
2022,02132, hawk ,1
2022,02132, jay ,1
2022,02132, opossum ,6
2022,02132, owl ,1
2022,02132, possum ,3
2022,02132, rabbit ,18
2022,02132, raccoon ,6
2022,02132, skunk ,1
2022,02132, squirrel ,8
2022,02132, swan ,1
2022,02132, turkey ,3
2022,02134, bird ,11
2022,02134, cat ,6
2022,02134, coyote ,1
2022,02134, deer ,2
2022,02134, dog ,8
2022,02134, dove ,1
2022,02134, ferret ,1
2022,02134, fox ,2
2022,02134, goose ,2
2022,02134, gull ,1
2022,02134, hawk ,3
2022,02134, pig ,1
2022,02134, pigeon ,5
2022,02134, rabbit ,3
2022,02134, raccoon ,2
2022,02134, skunk ,2
2022,02134, snake ,1
2022,02134, squirrel ,1
2022,02135, bat ,14
2022,02135, bird ,16
2022,02135, cat ,11
2022,02135, dog ,22
2022,02135, duck ,3
2022,02135, fly ,1
2022,02135, goose ,3
2022,02135, hawk ,5
2022,02135, lizard ,1
2022,02135, opossum ,1
2022,02135, pigeon ,1
2022,02135, rabbit ,18
2022,02135, raccoon ,14
2022,02135, skunk ,2
2022,02135, snake ,1
2022,02135, squirrel ,8
2022,02136, bat ,1
2022,02136, bird ,12
2022,02136, cat ,17
2022,02136, coyote ,1
2022,02136, dog ,41
2022,02136, fox ,1
2022,02136, goose ,8
2022,02136, opossum ,1
2022,02136, pigeon ,1
2022,02136, possum ,3
2022,02136, rabbit ,9
2022,02136, raccoon ,5
2022,02136, rooster ,1
2022,02136, skunk ,8
2022,02136, squirrel ,9
2022,02199, dog ,1
2022,02199, pigeon ,1
2022,02203, dog ,1
2022,02210, bird ,6
2022,02210, cat ,1
2022,02210, goose ,2
2022,02210, gull ,2
2022,02210, pigeon ,4
2022,02215, bat ,2
2022,02215, bird ,9
2022,02215, cat ,1
2022,02215, dog ,3
2022,02215, goose ,4
2022,02215, hawk ,3
2022,02215, pigeon ,4
2022,02215, rabbit ,1
2022,02215, squirrel ,2
2022,02215, turtle ,1
2022,02467, possum ,1
2023,02108, bat ,1
2023,02108, beaver ,1
2023,02108, bird ,7
2023,02108, dog ,8
2023,02108, hawk ,1
2023,02108, owl ,1
2023,02108, pigeon ,1
2023,02108, rabbit ,1
2023,02108, squirrel ,6
2023,02109, bird ,2
2023,02109, cat ,1
2023,02109, dog ,2
2023,02109, falcon ,1
2023,02109, fly ,1
2023,02109, goose ,1
2023,02109, hawk ,3
2023,02109, pigeon ,2
2023,02109, rabbit ,2
2023,02110, bird ,3
2023,02110, cat ,1
2023,02110, dog ,3
2023,02110, falcon ,1
2023,02110, gull ,3
2023,02110, pigeon ,2
2023,02111, bat ,1
2023,02111, bird ,4
2023,02111, cat ,1
2023,02111, dog ,2
2023,02111, hawk ,1
2023,02111, pigeon ,1
2023,02111, raccoon ,1
2023,02111, turtle ,1
2023,02113, bird ,2
2023,02113, pigeon ,2
2023,02113, rabbit ,1
2023,02113, raccoon ,1
2023,02113, squirrel ,1
2023,02114, bird ,16
2023,02114, cat ,1
2023,02114, dog ,12
2023,02114, goose ,2
2023,02114, gull ,1
2023,02114, hawk ,2
2023,02114, pigeon ,2
2023,02114, rabbit ,3
2023,02114, squirrel ,1
2023,02115, bat ,1
2023,02115, bird ,7
2023,02115, cat ,2
2023,02115, dog ,6
2023,02115, duck ,1
2023,02115, goose ,1
2023,02115, rabbit ,3
2023,02115, raccoon ,2
2023,02116, bat ,3
2023,02116, bird ,18
2023,02116, cat ,1
2023,02116, dog ,12
2023,02116, duck ,1
2023,02116, fly ,1
2023,02116, goose ,1
2023,02116, gull ,2
2023,02116, hawk ,1
2023,02116, pigeon ,5
2023,02116, python ,1
2023,02116, rabbit ,10
2023,02116, raccoon ,1
2023,02116, snake ,1
2023,02116, squirrel ,5
2023,02118, bat ,6
2023,02118, bird ,13
2023,02118, cat ,5
2023,02118, dog ,21
2023,02118, dove ,1
2023,02118, fly ,2
2023,02118, fox ,1
2023,02118, goose ,1
2023,02118, gull ,2
2023,02118, hawk ,3
2023,02118, jay ,1
2023,02118, pigeon ,3
2023,02118, rabbit ,4
2023,02118, raccoon ,6
2023,02118, squirrel ,5
2023,02119, bat ,6
2023,02119, bird ,10
2023,02119, cat ,20
2023,02119, coyote ,1
2023,02119, dog ,36
2023,02119, gull ,1
2023,02119, owl ,1
2023,02119, pigeon ,4
2023,02119, rabbit ,2
2023,02119, raccoon ,8
2023,02119, skunk ,2
2023,02119, snake ,1
2023,02119, squirrel ,6
2023,02119, turkey ,1
2023,02120, bat ,5
2023,02120, bird ,9
2023,02120, cat ,2
2023,02120, dog ,13
2023,02120, hawk ,3
2023,02120, pigeon ,1
2023,02120, rabbit ,3
2023,02120, raccoon ,5
2023,02120, squirrel ,1
2023,02121, bat ,7
2023,02121, bird ,11
2023,02121, cat ,22
2023,02121, coyote ,1
2023,02121, dog ,44
2023,02121, hawk ,2
2023,02121, rabbit ,1
2023,02121, raccoon ,4
2023,02121, snake ,1
2023,02121, squirrel ,4
2023,02122, bat ,2
2023,02122, beaver ,1
2023,02122, bird ,6
2023,02122, cat ,21
2023,02122, dog ,37
2023,02122, fly ,1
2023,02122, hawk ,1
2023,02122, owl ,1
2023,02122, pigeon ,3
2023,02122, rabbit ,28
2023,02122, raccoon ,2
2023,02122, skunk ,3
2023,02122, squirrel ,8
2023,02122, turkey ,3
2023,02124, bat ,12
2023,02124, bird ,16
2023,02124, cat ,45
2023,02124, coyote ,2
2023,02124, crow ,4
2023,02124, dog ,100
2023,02124, ferret ,1
2023,02124, fly ,1
2023,02124, fox ,1
2023,02124, hawk ,1
2023,02124, opossum ,1
2023,02124, pigeon ,1
2023,02124, possum ,4
2023,02124, rabbit ,14
2023,02124, raccoon ,13
2023,02124, skunk ,4
2023,02124, squirrel ,16
2023,02124, turkey ,8
2023,02125, bat ,5
2023,02125, bird ,14
2023,02125, cat ,18
2023,02125, chicken ,1
2023,02125, coyote ,1
2023,02125, dog ,56
2023,02125, falcon ,1
2023,02125, goose ,1
2023,02125, gull ,1
2023,02125, hawk ,1
2023,02125, pigeon ,2
2023,02125, rabbit ,11
2023,02125, raccoon ,7
2023,02125, squirrel ,2
2023,02125, turkey ,3
2023,02125, turtle ,2
2023,02126, bat ,5
2023,02126, beaver ,1
2023,02126, bird ,3
2023,02126, cat ,22
2023,02126, dog ,37
2023,02126, gull ,2
2023,02126, opossum ,1
2023,02126, pig ,1
2023,02126, possum ,3
2023,02126, rabbit ,7
2023,02126, raccoon ,10
2023,02126, skunk ,10
2023,02126, snake ,2
2023,02126, squirrel ,8
2023,02126, turkey ,1
2023,02127, bird ,22
2023,02127, cat ,10
2023,02127, crow ,1
2023,02127, dog ,23
2023,02127, duck ,1
2023,02127, gull ,2
2023,02127, hawk ,1
2023,02127, pig ,1
2023,02127, pigeon ,1
2023,02127, rabbit ,8
2023,02127, raccoon ,1
2023,02127, sheep ,1
2023,02127, skunk ,2
2023,02127, squirrel ,7
2023,02127, turtle ,1
2023,02128, bird ,8
2023,02128, cat ,18
2023,02128, dog ,29
2023,02128, gull ,1
2023,02128, hawk ,6
2023,02128, parakeet ,1
2023,02128, parrot ,1
2023,02128, pigeon ,4
2023,02128, possum ,1
2023,02128, rabbit ,7
2023,02128, raccoon ,4
2023,02128, skunk ,13
2023,02128, snake ,1
2023,02128, squirrel ,3
2023,02129, bird ,15
2023,02129, cat ,3
2023,02129, coyote ,1
2023,02129, dog ,18
2023,02129, hawk ,1
2023,02129, pigeon ,4
2023,02129, rabbit ,4
2023,02129, raccoon ,4
2023,02129, squirrel ,8
2023,02129, swan ,1
2023,02130, bat ,18
2023,02130, bird ,20
2023,02130, cat ,8
2023,02130, deer ,1
2023,02130, dog ,75
2023,02130, goose ,2
2023,02130, hawk ,5
2023,02130, pigeon ,2
2023,02130, possum ,3
2023,02130, rabbit ,30
2023,02130, raccoon ,34
2023,02130, skunk ,8
2023,02130, squirrel ,41
2023,02130, swan ,1
2023,02130, turkey ,1
2023,02131, bat ,9
2023,02131, bird ,20
2023,02131, cat ,17
2023,02131, coyote ,1
2023,02131, dog ,24
2023,02131, opossum ,3
2023,02131, pigeon ,2
2023,02131, possum ,2
2023,02131, rabbit ,33
2023,02131, raccoon ,12
2023,02131, skunk ,4
2023,02131, snake ,1
2023,02131, squirrel ,14
2023,02131, turkey ,1
2023,02131, turtle ,1
2023,02132, bat ,7
2023,02132, bird ,8
2023,02132, cat ,7
2023,02132, chipmunk ,2
2023,02132, deer ,3
2023,02132, dog ,40
2023,02132, duck ,1
2023,02132, opossum ,2
2023,02132, owl ,1
2023,02132, possum ,2
2023,02132, rabbit ,24
2023,02132, raccoon ,3
2023,02132, skunk ,2
2023,02132, snake ,1
2023,02132, squirrel ,20
2023,02132, turkey ,3
2023,02132, turtle ,1
2023,02134, bat ,1
2023,02134, bird ,13
2023,02134, cat ,5
2023,02134, dog ,12
2023,02134, goose ,1
2023,02134, hawk ,3
2023,02134, pigeon ,2
2023,02134, possum ,1
2023,02134, rabbit ,6
2023,02134, raccoon ,5
2023,02134, squirrel ,2
2023,02134, turkey ,2
2023,02135, bat ,14
2023,02135, bird ,14
2023,02135, cat ,10
2023,02135, coyote ,1
2023,02135, dog ,38
2023,02135, duck ,1
2023,02135, goose ,8
2023,02135, hawk ,3
2023,02135, parakeet ,1
2023,02135, pigeon ,3
2023,02135, rabbit ,17
2023,02135, raccoon ,2
2023,02135, skunk ,1
2023,02135, snake ,1
2023,02135, squirrel ,8
2023,02135, turkey ,1
2023,02135, turtle ,1
2023,02136, bat ,3
2023,02136, bird ,8
2023,02136, cat ,16
2023,02136, coyote ,1
2023,02136, crow ,1
2023,02136, deer ,3
2023,02136, dog ,45
2023,02136, dove ,1
2023,02136, fly ,1
2023,02136, goose ,5
2023,02136, hawk ,2
2023,02136, opossum ,1
2023,02136, owl ,2
2023,02136, pigeon ,1
2023,02136, rabbit ,8
2023,02136, raccoon ,24
2023,02136, skunk ,5
2023,02136, squirrel ,11
2023,02136, turkey ,3
2023,02163, dog ,1
2023,02199, dog ,2
2023,02199, hawk ,1
2023,02201, bird ,1
2023,02203, hawk ,1
2023,02210, bat ,1
2023,02210, bird ,10
2023,02210, dog ,4
2023,02210, gull ,7
2023,02210, opossum ,1
2023,02210, owl ,1
2023,02210, rabbit ,1
2023,02215, bat ,2
2023,02215, bird ,14
2023,02215, cat ,2
2023,02215, dog ,4
2023,02215, duck ,1
2023,02215, goose ,2
2023,02215, hawk ,3
2023,02215, pigeon ,1
2023,02215, rabbit ,4
2023,02215, raccoon ,1
2023,02215, squirrel ,1
2023,02215, turtle ,1
2023,02467, bird ,1
2023,02467, cat ,1
2023,02467, dog ,1
2023,02467, rabbit ,2
2023,02467, snake ,1
